<?xml version="1.0" encoding="utf-8"?>
<Map>
	<Player x = "5" y = "41"/>

	<Enemy x = "11" y = "32"/>
	<Enemy x = "16" y = "23"/>
	<Enemy x = "12" y = "32"/>
	<Enemy x = "20" y = "29"/>
	<Enemy x = "19" y = "45"/>
	<Enemy x = "22" y = "40"/>
	<Enemy x = "19" y = "60"/>
	<Enemy x = "13" y = "53"/>
	<Enemy x = "9" y = "58"/>
	<Enemy x = "15" y = "68"/>
	<Enemy x = "28" y = "43"/>
	<Enemy x = "15" y = "68"/>
	<Enemy x = "40" y = "40"/>
	<Enemy x = "45" y = "44"/>
	<Enemy x = "51" y = "41"/>
	<Enemy x = "59" y = "43"/>
	<Enemy x = "60" y = "39"/>
	<Enemy x = "60" y = "45"/>
  


	<Wall x = "11" y = "4"/>
	<Wall x = "12" y = "4"/>
	<Wall x = "13" y = "4"/>
	<Wall x = "14" y = "4"/>
	<Wall x = "15" y = "4"/>
	<Wall x = "16" y = "4"/>
	<Wall x = "17" y = "4"/>
	<Wall x = "18" y = "4"/>


	<Wall x = "12" y = "5"/>
	<Wall x = "17" y = "5"/>
	<Wall x = "12" y = "6"/>
	<Wall x = "17" y = "6"/>
	<Wall x = "12" y = "7"/>
	<Wall x = "17" y = "7"/>
	<Wall x = "12" y = "8"/>
	<Wall x = "17" y = "8"/>

	<Wall x = "11" y = "9"/>
	<Wall x = "18" y = "9"/>
	<Wall x = "11" y = "10"/>
	<Wall x = "18" y = "10"/>
	<Wall x = "11" y = "11"/>
	<Wall x = "18" y = "11"/>
	<Wall x = "11" y = "12"/>
	<Wall x = "18" y = "12"/>

	<Wall x = "10" y = "13"/>
	<Wall x = "19" y = "13"/>
	<Wall x = "10" y = "14"/>
	<Wall x = "19" y = "14"/>
	<Wall x = "10" y = "15"/>
	<Wall x = "19" y = "15"/>
	<Wall x = "10" y = "16"/>
	<Wall x = "19" y = "16"/>

	<Wall x = "9" y = "17"/>
	<Wall x = "20" y = "17"/>
	<Wall x = "9" y = "18"/>
	<Wall x = "20" y = "18"/>
	<Wall x = "9" y = "19"/>
	<Wall x = "20" y = "19"/>
	<Wall x = "9" y = "20"/>
	<Wall x = "20" y = "20"/>

	<Wall x = "8" y = "21"/>
	<Wall x = "21" y = "21"/>
	<Wall x = "8" y = "22"/>
	<Wall x = "21" y = "22"/>
	<Wall x = "8" y = "23"/>
	<Wall x = "21" y = "23"/>
	<Wall x = "8" y = "24"/>
	<Wall x = "21" y = "24"/>

	<Wall x = "7" y = "25"/>
	<Wall x = "22" y = "25"/>
	<Wall x = "7" y = "26"/>
	<Wall x = "22" y = "26"/>
	<Wall x = "7" y = "27"/>
	<Wall x = "22" y = "27"/>
	<Wall x = "7" y = "28"/>
	<Wall x = "22" y = "28"/>

	<Wall x = "6" y = "29"/>
	<Wall x = "23" y = "29"/>
	<Wall x = "6" y = "30"/>
	<Wall x = "23" y = "30"/>
	<Wall x = "6" y = "31"/>
	<Wall x = "23" y = "31"/>
	<Wall x = "6" y = "32"/>
	<Wall x = "23" y = "32"/>

	<Wall x = "5" y = "33"/>
	<Wall x = "24" y = "33"/>
	<Wall x = "5" y = "34"/>
	<Wall x = "14" y = "34"/>
	<Wall x = "15" y = "34"/>
	<Wall x = "24" y = "34"/>
	<Wall x = "5" y = "35"/>
	<Wall x = "14" y = "35"/>
	<Wall x = "15" y = "35"/>
	<Wall x = "24" y = "35"/>
	<Wall x = "5" y = "36"/>
	<Wall x = "14" y = "36"/>
	<Wall x = "15" y = "36"/>
	<Wall x = "24" y = "36"/>



	<Wall x = "4" y = "37"/>
	<Wall x = "13" y = "37"/>
	<Wall x = "14" y = "37"/>
	<Wall x = "15" y = "37"/>
	<Wall x = "16" y = "37"/>
	<Wall x = "25" y = "37"/>
	<Wall x = "26" y = "37"/>
  <Wall x = "27" y = "37"/>
  <Wall x = "28" y = "37"/>
  <Wall x = "29" y = "37"/>
  <Wall x = "30" y = "37"/>
  <Wall x = "31" y = "37"/>
  <Wall x = "32" y = "37"/>
  <Wall x = "33" y = "37"/>
  <Wall x = "34" y = "37"/>
  <Wall x = "35" y = "37"/>
  <Wall x = "36" y = "37"/>
  <Wall x = "37" y = "37"/>
  <Wall x = "38" y = "37"/>
  <Wall x = "39" y = "37"/>
  <Wall x = "40" y = "37"/>
  <Wall x = "41" y = "37"/>
  <Wall x = "42" y = "37"/>
  <Wall x = "43" y = "37"/>
  <Wall x = "44" y = "37"/>
  <Wall x = "45" y = "37"/>
  <Wall x = "46" y = "37"/>
  <Wall x = "47" y = "37"/>
  <Wall x = "48" y = "37"/>
  <Wall x = "49" y = "37"/>
  <Wall x = "50" y = "37"/>
  <Wall x = "51" y = "37"/>
  <Wall x = "52" y = "37"/>
  <Wall x = "53" y = "37"/>
  <Wall x = "54" y = "37"/>
  <Wall x = "55" y = "37"/>
  <Wall x = "56" y = "37"/>
  <Wall x = "57" y = "37"/>
  <Wall x = "58" y = "37"/>
  <Wall x = "59" y = "37"/>
  <Wall x = "60" y = "37"/>
  <Wall x = "61" y = "37"/>
  <Wall x = "62" y = "37"/>
  <Wall x = "63" y = "37"/>
  <Wall x = "64" y = "37"/>

	<Wall x = "4" y = "38"/>
	<Wall x = "13" y = "38"/>
	<Wall x = "14" y = "38"/>
	<Wall x = "15" y = "38"/>
	<Wall x = "16" y = "38"/>
  <Wall x = "64" y = "38"/>

	<Wall x = "4" y = "39"/>
	<Wall x = "13" y = "39"/>
	<Wall x = "14" y = "39"/>
	<Wall x = "15" y = "39"/>
	<Wall x = "16" y = "39"/>
  <Wall x = "64" y = "39"/>

	<Wall x = "4" y = "40"/>
	<Wall x = "13" y = "40"/>
	<Wall x = "14" y = "40"/>
	<Wall x = "15" y = "40"/>
	<Wall x = "16" y = "40"/>
  <Wall x = "64" y = "40"/>

	<Wall x = "4" y = "41"/>
	<Wall x = "13" y = "41"/>
	<Wall x = "14" y = "41"/>
	<Wall x = "15" y = "41"/>
	<Wall x = "16" y = "41"/>
  <Wall x = "64" y = "41"/>

	<Wall x = "4" y = "42"/>
	<Wall x = "13" y = "42"/>
	<Wall x = "14" y = "42"/>
	<Wall x = "15" y = "42"/>
	<Wall x = "16" y = "42"/>
  <Wall x = "64" y = "42"/>

	<Wall x = "4" y = "43"/>
	<Wall x = "13" y = "43"/>
	<Wall x = "14" y = "43"/>
	<Wall x = "15" y = "43"/>
	<Wall x = "16" y = "43"/>
  <Wall x = "64" y = "43"/>

	<Wall x = "4" y = "44"/>
	<Wall x = "13" y = "44"/>
	<Wall x = "14" y = "44"/>
	<Wall x = "15" y = "44"/>
	<Wall x = "16" y = "44"/>
  <Wall x = "64" y = "44"/>

	<Wall x = "4" y = "45"/>
	<Wall x = "13" y = "45"/>
	<Wall x = "14" y = "45"/>
	<Wall x = "15" y = "45"/>
	<Wall x = "16" y = "45"/>
	<Wall x = "64" y = "45"/>

	<Wall x = "5" y = "46"/>
	<Wall x = "13" y = "46"/>
	<Wall x = "14" y = "46"/>
	<Wall x = "15" y = "46"/>
	<Wall x = "16" y = "46"/>
	<Wall x = "64" y = "46"/>
	
	
	<Wall x = "5" y = "47"/>
	<Wall x = "14" y = "47"/>
	<Wall x = "15" y = "47"/>
	<Wall x = "64" y = "47"/>
  
	<Wall x = "5" y = "48"/>
	<Wall x = "14" y = "48"/>
	<Wall x = "15" y = "48"/>
	<Wall x = "24" y = "48"/>
  <Wall x = "25" y = "48"/>
  <Wall x = "26" y = "48"/>
  <Wall x = "27" y = "48"/>
  <Wall x = "28" y = "48"/>
  <Wall x = "29" y = "48"/>
  <Wall x = "30" y = "48"/>
  <Wall x = "31" y = "48"/>
  <Wall x = "32" y = "48"/>
  <Wall x = "33" y = "48"/>
  <Wall x = "34" y = "48"/>
  <Wall x = "35" y = "48"/>
  <Wall x = "36" y = "48"/>
  <Wall x = "37" y = "48"/>
  <Wall x = "38" y = "48"/>
  <Wall x = "39" y = "48"/>
  <Wall x = "40" y = "48"/>
  <Wall x = "41" y = "48"/>
  <Wall x = "42" y = "48"/>
  <Wall x = "43" y = "48"/>
  <Wall x = "44" y = "48"/>
  <Wall x = "45" y = "48"/>
  <Wall x = "46" y = "48"/>
  <Wall x = "47" y = "48"/>
  <Wall x = "48" y = "48"/>
  <Wall x = "49" y = "48"/>
  <Wall x = "50" y = "48"/>
  <Wall x = "51" y = "48"/>
  <Wall x = "52" y = "48"/>
  <Wall x = "53" y = "48"/>
  <Wall x = "54" y = "48"/>
  <Wall x = "55" y = "48"/>
  <Wall x = "56" y = "48"/>
  <Wall x = "57" y = "48"/>
  <Wall x = "58" y = "48"/>
  <Wall x = "59" y = "48"/>
  <Wall x = "60" y = "48"/>
  <Wall x = "61" y = "48"/>
  <Wall x = "62" y = "48"/>
  <Wall x = "63" y = "48"/>
  <Wall x = "64" y = "48"/>
  
  
	<Wall x = "5" y = "49"/>
	<Wall x = "14" y = "49"/>
	<Wall x = "15" y = "49"/>
	<Wall x = "24" y = "49"/>
  
	<Wall x = "5" y = "50"/>
	<Wall x = "24" y = "50"/>

	<Wall x = "6" y = "51"/>
	<Wall x = "23" y = "51"/>
	<Wall x = "6" y = "52"/>
	<Wall x = "23" y = "52"/>
	<Wall x = "6" y = "53"/>
	<Wall x = "23" y = "53"/>
	<Wall x = "6" y = "54"/>
	<Wall x = "23" y = "54"/>

	<Wall x = "7" y = "55"/>
	<Wall x = "22" y = "55"/>
	<Wall x = "7" y = "56"/>
	<Wall x = "22" y = "56"/>
	<Wall x = "7" y = "57"/>
	<Wall x = "22" y = "57"/>
	<Wall x = "7" y = "58"/>
	<Wall x = "22" y = "58"/>

	<Wall x = "8" y = "59"/>
	<Wall x = "21" y = "59"/>
	<Wall x = "8" y = "60"/>
	<Wall x = "21" y = "60"/>
	<Wall x = "8" y = "61"/>
	<Wall x = "21" y = "61"/>
	<Wall x = "8" y = "62"/>
	<Wall x = "21" y = "62"/>

	<Wall x = "9" y = "63"/>
	<Wall x = "20" y = "63"/>
	<Wall x = "9" y = "64"/>
	<Wall x = "20" y = "64"/>
	<Wall x = "9" y = "65"/>
	<Wall x = "20" y = "65"/>
	<Wall x = "9" y = "66"/>
	<Wall x = "20" y = "66"/>

	<Wall x = "10" y = "67"/>
	<Wall x = "19" y = "67"/>
	<Wall x = "10" y = "68"/>
	<Wall x = "19" y = "68"/>
	<Wall x = "10" y = "69"/>
	<Wall x = "19" y = "69"/>
	<Wall x = "10" y = "70"/>
	<Wall x = "19" y = "70"/>

	<Wall x = "11" y = "71"/>
	<Wall x = "18" y = "71"/>
	<Wall x = "11" y = "72"/>
	<Wall x = "18" y = "72"/>
	<Wall x = "11" y = "73"/>
	<Wall x = "18" y = "73"/>
	<Wall x = "11" y = "74"/>
	<Wall x = "18" y = "74"/>

	<Wall x = "12" y = "75"/>
	<Wall x = "17" y = "75"/>
	<Wall x = "12" y = "76"/>
	<Wall x = "17" y = "76"/>
	<Wall x = "12" y = "77"/>
	<Wall x = "17" y = "77"/>
	<Wall x = "12" y = "78"/>
	<Wall x = "17" y = "78"/>

	<Wall x = "11" y = "79"/>
	<Wall x = "12" y = "79"/>
	<Wall x = "13" y = "79"/>
	<Wall x = "14" y = "79"/>
	<Wall x = "15" y = "79"/>
	<Wall x = "16" y = "79"/>
	<Wall x = "17" y = "79"/>
	<Wall x = "18" y = "79"/>

<Map/>

